{"stats":{"minecraft:picked_up":{"minecraft:oak_sapling":1,"minecraft:wheat_seeds":5},"minecraft:mined":{"minecraft:grass":60},"minecraft:custom":{"minecraft:jump":99,"minecraft:time_since_rest":37561,"minecraft:damage_dealt":54,"minecraft:play_one_minute":37561,"minecraft:damage_taken":20,"minecraft:leave_game":4,"minecraft:sprint_one_cm":18874,"minecraft:time_since_death":37561,"minecraft:walk_on_water_one_cm":101,"minecraft:walk_one_cm":11140,"minecraft:sneak_time":13,"minecraft:fall_one_cm":2494,"minecraft:drop":6,"minecraft:fly_one_cm":27939},"minecraft:dropped":{"minecraft:wheat_seeds":5,"minecraft:oak_sapling":1},"minecraft:used":{"minecraft:end_portal_frame":12,"minecraft:flint_and_steel":4,"minecraft:obsidian":19}},"DataVersion":2524}