{"stats":{"minecraft:used":{"minecraft:chicken":1},"minecraft:dropped":{"minecraft:dirt":50,"minecraft:wheat_seeds":10},"minecraft:custom":{"minecraft:jump":76,"minecraft:damage_dealt":39,"minecraft:time_since_rest":354,"minecraft:damage_taken":1555,"minecraft:play_one_minute":38688,"minecraft:crouch_one_cm":34,"minecraft:leave_game":23,"minecraft:sprint_one_cm":18067,"minecraft:time_since_death":0,"minecraft:walk_one_cm":11874,"minecraft:deaths":5,"minecraft:sneak_time":6,"minecraft:fall_one_cm":1412,"minecraft:drop":4,"minecraft:fly_one_cm":21780},"minecraft:killed_by":{"minecraft:zombie":5},"minecraft:picked_up":{"minecraft:chicken":1,"minecraft:wheat_seeds":10,"minecraft:dirt":50},"minecraft:mined":{"minecraft:grass":20}},"DataVersion":2524}