<?xml version="1.0" encoding="UTF-8"?>
<project name="fabricserver" default="all">
  
  
  <property file="fabricserver.properties"/>
  <!-- Uncomment the following property if no tests compilation is needed -->
  <!-- 
  <property name="skip.tests" value="true"/>
   -->
  
  <!-- Compiler options -->
  
  <property name="compiler.debug" value="on"/>
  <property name="compiler.generate.no.warnings" value="off"/>
  <property name="compiler.args" value=""/>
  <property name="compiler.max.memory" value="700m"/>
  <patternset id="ignored.files">
    <exclude name="**/*.hprof/**"/>
    <exclude name="**/*.pyc/**"/>
    <exclude name="**/*.pyo/**"/>
    <exclude name="**/*.rbc/**"/>
    <exclude name="**/*.yarb/**"/>
    <exclude name="**/*~/**"/>
    <exclude name="**/.DS_Store/**"/>
    <exclude name="**/.git/**"/>
    <exclude name="**/.hg/**"/>
    <exclude name="**/.svn/**"/>
    <exclude name="**/CVS/**"/>
    <exclude name="**/__pycache__/**"/>
    <exclude name="**/_svn/**"/>
    <exclude name="**/vssver.scc/**"/>
    <exclude name="**/vssver2.scc/**"/>
  </patternset>
  <patternset id="library.patterns">
    <include name="*.egg"/>
    <include name="*.jar"/>
    <include name="*.ear"/>
    <include name="*.klib"/>
    <include name="*.swc"/>
    <include name="*.war"/>
    <include name="*.zip"/>
    <include name="*.ane"/>
  </patternset>
  <patternset id="compiler.resources">
    <exclude name="**/?*.class"/>
    <exclude name="**/?*.scala"/>
    <exclude name="**/?*.groovy"/>
    <exclude name="**/?*.java"/>
  </patternset>
  
  <!-- JDK definitions -->
  
  <property name="jdk.bin.1.8" value="${jdk.home.1.8}/bin"/>
  <path id="jdk.classpath.1.8">
    <fileset dir="${jdk.home.1.8}">
      <include name="jre/lib/charsets.jar"/>
      <include name="jre/lib/deploy.jar"/>
      <include name="jre/lib/ext/access-bridge-64.jar"/>
      <include name="jre/lib/ext/cldrdata.jar"/>
      <include name="jre/lib/ext/dnsns.jar"/>
      <include name="jre/lib/ext/jaccess.jar"/>
      <include name="jre/lib/ext/jfxrt.jar"/>
      <include name="jre/lib/ext/localedata.jar"/>
      <include name="jre/lib/ext/nashorn.jar"/>
      <include name="jre/lib/ext/sunec.jar"/>
      <include name="jre/lib/ext/sunjce_provider.jar"/>
      <include name="jre/lib/ext/sunmscapi.jar"/>
      <include name="jre/lib/ext/sunpkcs11.jar"/>
      <include name="jre/lib/ext/zipfs.jar"/>
      <include name="jre/lib/javaws.jar"/>
      <include name="jre/lib/jce.jar"/>
      <include name="jre/lib/jfr.jar"/>
      <include name="jre/lib/jfxswt.jar"/>
      <include name="jre/lib/jsse.jar"/>
      <include name="jre/lib/management-agent.jar"/>
      <include name="jre/lib/plugin.jar"/>
      <include name="jre/lib/resources.jar"/>
      <include name="jre/lib/rt.jar"/>
    </fileset>
  </path>
  
  <property name="project.jdk.home" value="${jdk.home.1.8}"/>
  <property name="project.jdk.bin" value="${jdk.bin.1.8}"/>
  <property name="project.jdk.classpath" value="jdk.classpath.1.8"/>
  <!-- Register Custom Compiler Taskdefs -->
  <property name="javac2.home" value="${idea.home}/lib"/>
  <path id="javac2.classpath">
    <fileset dir="${javac2.home}">
      <include name="javac2.jar"/>
      <include name="jdom.jar"/>
      <include name="asm-all*.jar"/>
      <include name="forms-*.jar"/>
    </fileset>
  </path>
  <target name="register.custom.compilers">
    <taskdef name="javac2" classname="com.intellij.ant.Javac2" classpathref="javac2.classpath"/>
    <taskdef name="instrumentIdeaExtensions" classname="com.intellij.ant.InstrumentIdeaExtensions" classpathref="javac2.classpath"/>
  </target>
  
  <!-- Modules -->
  
  
  <!-- Module fabricserver -->
  
  <dirname property="module.fabricserver.basedir" file="${ant.file}"/>
  
  
  <property name="module.jdk.home.fabricserver" value="${project.jdk.home}"/>
  <property name="module.jdk.bin.fabricserver" value="${project.jdk.bin}"/>
  <property name="module.jdk.classpath.fabricserver" value="${project.jdk.classpath}"/>
  
  <property name="compiler.args.fabricserver" value="-encoding UTF-8 -source 8 -target 1.8 ${compiler.args}"/>
  
  <property name="fabricserver.output.dir" value="${module.fabricserver.basedir}/out/production/fabricserver"/>
  <property name="fabricserver.testoutput.dir" value="${module.fabricserver.basedir}/out/test/fabricserver"/>
  
  <path id="fabricserver.module.bootclasspath">
    <!-- Paths to be included in compilation bootclasspath -->
  </path>
  
  <path id="fabricserver.module.production.classpath">
    <path refid="${module.jdk.classpath.fabricserver}"/>
    <pathelement location="C:/Users/Administrator/.gradle/caches/modules-2/files-2.1/com.mojang/patchy/1.1/aef610b34a1be37fa851825f12372b78424d8903/patchy-1.1.jar"/>
    <pathelement location="C:/Users/Administrator/.gradle/caches/modules-2/files-2.1/oshi-project/oshi-core/1.1/9ddf7b048a8d701be231c0f4f95fd986198fd2d8/oshi-core-1.1.jar"/>
    <pathelement location="C:/Users/Administrator/.gradle/caches/modules-2/files-2.1/net.java.dev.jna/jna/4.4.0/cb208278274bf12ebdb56c61bd7407e6f774d65a/jna-4.4.0.jar"/>
    <pathelement location="C:/Users/Administrator/.gradle/caches/modules-2/files-2.1/net.java.dev.jna/platform/3.4.0/e3f70017be8100d3d6923f50b3d2ee17714e9c13/platform-3.4.0.jar"/>
    <pathelement location="C:/Users/Administrator/.gradle/caches/modules-2/files-2.1/com.ibm.icu/icu4j-core-mojang/51.2/63d216a9311cca6be337c1e458e587f99d382b84/icu4j-core-mojang-51.2.jar"/>
    <pathelement location="C:/Users/Administrator/.gradle/caches/modules-2/files-2.1/com.mojang/javabridge/1.0.22/6aa6453aa99a52a5cd91749da1af6ab70e082ab3/javabridge-1.0.22.jar"/>
    <pathelement location="C:/Users/Administrator/.gradle/caches/modules-2/files-2.1/net.sf.jopt-simple/jopt-simple/5.0.3/cdd846cfc4e0f7eefafc02c0f5dce32b9303aa2a/jopt-simple-5.0.3.jar"/>
    <pathelement location="C:/Users/Administrator/.gradle/caches/modules-2/files-2.1/io.netty/netty-all/4.1.25.Final/d0626cd3108294d1d58c05859add27b4ef21f83b/netty-all-4.1.25.Final.jar"/>
    <pathelement location="C:/Users/Administrator/.gradle/caches/modules-2/files-2.1/com.google.guava/guava/21.0/3a3d111be1be1b745edfa7d91678a12d7ed38709/guava-21.0.jar"/>
    <pathelement location="C:/Users/Administrator/.gradle/caches/modules-2/files-2.1/org.apache.commons/commons-lang3/3.5/6c6c702c89bfff3cd9e80b04d668c5e190d588c6/commons-lang3-3.5.jar"/>
    <pathelement location="C:/Users/Administrator/.gradle/caches/modules-2/files-2.1/commons-io/commons-io/2.5/2852e6e05fbb95076fc091f6d1780f1f8fe35e0f/commons-io-2.5.jar"/>
    <pathelement location="C:/Users/Administrator/.gradle/caches/modules-2/files-2.1/commons-codec/commons-codec/1.10/4b95f4897fa13f2cd904aee711aeafc0c5295cd8/commons-codec-1.10.jar"/>
    <pathelement location="C:/Users/Administrator/.gradle/caches/modules-2/files-2.1/net.java.jinput/jinput/2.0.5/39c7796b469a600f72380316f6b1f11db6c2c7c4/jinput-2.0.5.jar"/>
    <pathelement location="C:/Users/Administrator/.gradle/caches/modules-2/files-2.1/net.java.jutils/jutils/1.0.0/e12fe1fda814bd348c1579329c86943d2cd3c6a6/jutils-1.0.0.jar"/>
    <pathelement location="C:/Users/Administrator/.gradle/caches/modules-2/files-2.1/com.mojang/brigadier/1.0.17/c6b7dc51dd44379cc751b7504816006e9be4b1e6/brigadier-1.0.17.jar"/>
    <pathelement location="C:/Users/Administrator/.gradle/caches/modules-2/files-2.1/com.mojang/datafixerupper/2.0.24/944c24a8519981847ffb36c6dcd059d96fcb4b0/datafixerupper-2.0.24.jar"/>
    <pathelement location="C:/Users/Administrator/.gradle/caches/modules-2/files-2.1/com.google.code.gson/gson/2.8.0/c4ba5371a29ac9b2ad6129b1d39ea38750043eff/gson-2.8.0.jar"/>
    <pathelement location="C:/Users/Administrator/.gradle/caches/modules-2/files-2.1/com.mojang/authlib/1.5.25/9834cdf236c22e84b946bba989e2f94ef5897c3c/authlib-1.5.25.jar"/>
    <pathelement location="C:/Users/Administrator/.gradle/caches/modules-2/files-2.1/org.apache.commons/commons-compress/1.8.1/a698750c16740fd5b3871425f4cb3bbaa87f529d/commons-compress-1.8.1.jar"/>
    <pathelement location="C:/Users/Administrator/.gradle/caches/modules-2/files-2.1/org.apache.httpcomponents/httpclient/4.3.3/18f4247ff4572a074444572cee34647c43e7c9c7/httpclient-4.3.3.jar"/>
    <pathelement location="C:/Users/Administrator/.gradle/caches/modules-2/files-2.1/commons-logging/commons-logging/1.1.3/f6f66e966c70a83ffbdb6f17a0919eaf7c8aca7f/commons-logging-1.1.3.jar"/>
    <pathelement location="C:/Users/Administrator/.gradle/caches/modules-2/files-2.1/org.apache.httpcomponents/httpcore/4.3.2/31fbbff1ddbf98f3aa7377c94d33b0447c646b6e/httpcore-4.3.2.jar"/>
    <pathelement location="C:/Users/Administrator/.gradle/caches/modules-2/files-2.1/it.unimi.dsi/fastutil/8.2.1/5ad88f325e424f8dbc2be5459e21ea5cab3864e9/fastutil-8.2.1.jar"/>
    <pathelement location="C:/Users/Administrator/.gradle/caches/modules-2/files-2.1/org.apache.logging.log4j/log4j-api/2.8.1/e801d13612e22cad62a3f4f3fe7fdbe6334a8e72/log4j-api-2.8.1.jar"/>
    <pathelement location="C:/Users/Administrator/.gradle/caches/modules-2/files-2.1/org.apache.logging.log4j/log4j-core/2.8.1/4ac28ff2f1ddf05dae3043a190451e8c46b73c31/log4j-core-2.8.1.jar"/>
    <pathelement location="C:/Users/Administrator/.gradle/caches/modules-2/files-2.1/org.lwjgl/lwjgl/3.2.2/8ad6294407e15780b43e84929c40e4c5e997972e/lwjgl-3.2.2.jar"/>
    <pathelement location="C:/Users/Administrator/.gradle/caches/modules-2/files-2.1/org.lwjgl/lwjgl-jemalloc/3.2.2/ee8e57a79300f78294576d87c4a587f8c99402e2/lwjgl-jemalloc-3.2.2.jar"/>
    <pathelement location="C:/Users/Administrator/.gradle/caches/modules-2/files-2.1/org.lwjgl/lwjgl-openal/3.2.2/2b772a102b0a11ee5f2109a5b136f4dc7c630827/lwjgl-openal-3.2.2.jar"/>
    <pathelement location="C:/Users/Administrator/.gradle/caches/modules-2/files-2.1/org.lwjgl/lwjgl-opengl/3.2.2/6ac5bb88b44c43ea195a570aab059f63da004cd8/lwjgl-opengl-3.2.2.jar"/>
    <pathelement location="C:/Users/Administrator/.gradle/caches/modules-2/files-2.1/org.lwjgl/lwjgl-glfw/3.2.2/d3ad4df38e400b8afba1de63f84338809399df5b/lwjgl-glfw-3.2.2.jar"/>
    <pathelement location="C:/Users/Administrator/.gradle/caches/modules-2/files-2.1/org.lwjgl/lwjgl-stb/3.2.2/3b8e6ebc5851dd3d17e37e5cadce2eff2a429f0f/lwjgl-stb-3.2.2.jar"/>
    <pathelement location="C:/Users/Administrator/.gradle/caches/modules-2/files-2.1/org.lwjgl/lwjgl-tinyfd/3.2.2/fcbe606c8f8da6f8f9a05e2c540eb1ee8632b0e9/lwjgl-tinyfd-3.2.2.jar"/>
    <pathelement location="C:/Users/Administrator/.gradle/caches/modules-2/files-2.1/com.mojang/text2speech/1.11.3/f378f889797edd7df8d32272c06ca80a1b6b0f58/text2speech-1.11.3.jar"/>
    <pathelement location="C:/Users/Administrator/.gradle/caches/modules-2/files-2.1/net.fabricmc/tiny-mappings-parser/0.2.0.11/7867441f757f51b3e611116534d7450a3b4a83f4/tiny-mappings-parser-0.2.0.11.jar"/>
    <pathelement location="C:/Users/Administrator/.gradle/caches/modules-2/files-2.1/net.fabricmc/sponge-mixin/0.8+build.18/af077ad2845a00cde186fa2c99c4dd32bd2a2766/sponge-mixin-0.8+build.18.jar"/>
    <pathelement location="C:/Users/Administrator/.gradle/caches/modules-2/files-2.1/net.fabricmc/tiny-remapper/0.2.0.52/6693ca33a7209dc1a90a164afa434b5517364a28/tiny-remapper-0.2.0.52.jar"/>
    <pathelement location="C:/Users/Administrator/.gradle/caches/modules-2/files-2.1/net.fabricmc/fabric-loader-sat4j/2.3.5.4/f8fe5353909430b5845ae24ea1e01d83f12ad916/fabric-loader-sat4j-2.3.5.4.jar"/>
    <pathelement location="C:/Users/Administrator/.gradle/caches/modules-2/files-2.1/com.google.jimfs/jimfs/1.1/8fbd0579dc68aba6186935cc1bee21d2f3e7ec1c/jimfs-1.1.jar"/>
    <pathelement location="C:/Users/Administrator/.gradle/caches/modules-2/files-2.1/org.ow2.asm/asm/7.3.1/7ec32f922315924e82bf58b36ee1b673b2a9b820/asm-7.3.1.jar"/>
    <pathelement location="C:/Users/Administrator/.gradle/caches/modules-2/files-2.1/org.ow2.asm/asm-analysis/7.3.1/45dfd299ea0c17d534499c4f06417ceccfa2d02/asm-analysis-7.3.1.jar"/>
    <pathelement location="C:/Users/Administrator/.gradle/caches/modules-2/files-2.1/org.ow2.asm/asm-commons/7.3.1/daaa79ef260eb67404b9a52bc319a024c7f49cfe/asm-commons-7.3.1.jar"/>
    <pathelement location="C:/Users/Administrator/.gradle/caches/modules-2/files-2.1/org.ow2.asm/asm-tree/7.3.1/587ce54d243145b2e89598bfcea7823ded73be5d/asm-tree-7.3.1.jar"/>
    <pathelement location="C:/Users/Administrator/.gradle/caches/modules-2/files-2.1/org.ow2.asm/asm-util/7.3.1/cac1bf54c2fb86671c357d281d1060fe5d50a0de/asm-util-7.3.1.jar"/>
    <pathelement location="C:/Users/Administrator/.gradle/caches/fabric-loom/minecraft-20w14a-mapped-net.fabricmc.yarn-20w14a+build.2-v2.jar"/>
    <pathelement location="${basedir}/.gradle/loom-cache/remapped_mods/fabric-api-0.5.7+build.314-1.16@net.fabricmc.yarn.20w14a.20w14a+build.2-v2.jar"/>
    <pathelement location="${basedir}/.gradle/loom-cache/remapped_mods/fabric-api-base-0.1.2+b7f9825d41@net.fabricmc.yarn.20w14a.20w14a+build.2-v2.jar"/>
    <pathelement location="${basedir}/.gradle/loom-cache/remapped_mods/fabric-biomes-v1-0.2.1+b7d52fa541@net.fabricmc.yarn.20w14a.20w14a+build.2-v2.jar"/>
    <pathelement location="${basedir}/.gradle/loom-cache/remapped_mods/fabric-blockrenderlayer-v1-1.1.4+c6a8ea8941@net.fabricmc.yarn.20w14a.20w14a+build.2-v2.jar"/>
    <pathelement location="${basedir}/.gradle/loom-cache/remapped_mods/fabric-commands-v0-0.1.3+c808269f41@net.fabricmc.yarn.20w14a.20w14a+build.2-v2.jar"/>
    <pathelement location="${basedir}/.gradle/loom-cache/remapped_mods/fabric-containers-v0-0.1.7+d249f7b641@net.fabricmc.yarn.20w14a.20w14a+build.2-v2.jar"/>
    <pathelement location="${basedir}/.gradle/loom-cache/remapped_mods/fabric-content-registries-v0-0.1.4+c808269f41@net.fabricmc.yarn.20w14a.20w14a+build.2-v2.jar"/>
    <pathelement location="${basedir}/.gradle/loom-cache/remapped_mods/fabric-crash-report-info-v1-0.1.2+b7f9825d41@net.fabricmc.yarn.20w14a.20w14a+build.2-v2.jar"/>
    <pathelement location="${basedir}/.gradle/loom-cache/remapped_mods/fabric-dimensions-v1-0.3.1+d249f7b641@net.fabricmc.yarn.20w14a.20w14a+build.2-v2.jar"/>
    <pathelement location="${basedir}/.gradle/loom-cache/remapped_mods/fabric-events-interaction-v0-0.3.0+04b9979441@net.fabricmc.yarn.20w14a.20w14a+build.2-v2.jar"/>
    <pathelement location="${basedir}/.gradle/loom-cache/remapped_mods/fabric-events-lifecycle-v0-0.1.2+b7f9825d41@net.fabricmc.yarn.20w14a.20w14a+build.2-v2.jar"/>
    <pathelement location="${basedir}/.gradle/loom-cache/remapped_mods/fabric-item-groups-v0-0.1.10+d249f7b641@net.fabricmc.yarn.20w14a.20w14a+build.2-v2.jar"/>
    <pathelement location="${basedir}/.gradle/loom-cache/remapped_mods/fabric-keybindings-v0-0.1.1+dfdb52d641@net.fabricmc.yarn.20w14a.20w14a+build.2-v2.jar"/>
    <pathelement location="${basedir}/.gradle/loom-cache/remapped_mods/fabric-loot-tables-v1-0.1.6+2f56dff241@net.fabricmc.yarn.20w14a.20w14a+build.2-v2.jar"/>
    <pathelement location="${basedir}/.gradle/loom-cache/remapped_mods/fabric-mining-levels-v0-0.1.2+5b8a535a41@net.fabricmc.yarn.20w14a.20w14a+build.2-v2.jar"/>
    <pathelement location="${basedir}/.gradle/loom-cache/remapped_mods/fabric-models-v0-0.1.0+dfdb52d641@net.fabricmc.yarn.20w14a.20w14a+build.2-v2.jar"/>
    <pathelement location="${basedir}/.gradle/loom-cache/remapped_mods/fabric-networking-blockentity-v0-0.2.5+b50ffc7b41@net.fabricmc.yarn.20w14a.20w14a+build.2-v2.jar"/>
    <pathelement location="${basedir}/.gradle/loom-cache/remapped_mods/fabric-networking-v0-0.1.9+d249f7b641@net.fabricmc.yarn.20w14a.20w14a+build.2-v2.jar"/>
    <pathelement location="${basedir}/.gradle/loom-cache/remapped_mods/fabric-object-builders-v0-0.2.3+c808269f41@net.fabricmc.yarn.20w14a.20w14a+build.2-v2.jar"/>
    <pathelement location="${basedir}/.gradle/loom-cache/remapped_mods/fabric-particles-v1-0.1.1+dfdb52d641@net.fabricmc.yarn.20w14a.20w14a+build.2-v2.jar"/>
    <pathelement location="${basedir}/.gradle/loom-cache/remapped_mods/fabric-registry-sync-v0-0.2.9+372d827d41@net.fabricmc.yarn.20w14a.20w14a+build.2-v2.jar"/>
    <pathelement location="${basedir}/.gradle/loom-cache/remapped_mods/fabric-renderer-api-v1-0.2.11+2f56dff241@net.fabricmc.yarn.20w14a.20w14a+build.2-v2.jar"/>
    <pathelement location="${basedir}/.gradle/loom-cache/remapped_mods/fabric-renderer-indigo-0.2.28+c808269f41@net.fabricmc.yarn.20w14a.20w14a+build.2-v2.jar"/>
    <pathelement location="${basedir}/.gradle/loom-cache/remapped_mods/fabric-renderer-registries-v1-2.0.1+5a0f9a6041@net.fabricmc.yarn.20w14a.20w14a+build.2-v2.jar"/>
    <pathelement location="${basedir}/.gradle/loom-cache/remapped_mods/fabric-rendering-data-attachment-v1-0.1.3+b7f9825d41@net.fabricmc.yarn.20w14a.20w14a+build.2-v2.jar"/>
    <pathelement location="${basedir}/.gradle/loom-cache/remapped_mods/fabric-rendering-fluids-v1-0.1.6+12515ed941@net.fabricmc.yarn.20w14a.20w14a+build.2-v2.jar"/>
    <pathelement location="${basedir}/.gradle/loom-cache/remapped_mods/fabric-rendering-v0-1.1.0+5341049041@net.fabricmc.yarn.20w14a.20w14a+build.2-v2.jar"/>
    <pathelement location="${basedir}/.gradle/loom-cache/remapped_mods/fabric-rendering-v1-0.1.1+d249f7b641@net.fabricmc.yarn.20w14a.20w14a+build.2-v2.jar"/>
    <pathelement location="${basedir}/.gradle/loom-cache/remapped_mods/fabric-resource-loader-v0-0.1.12+5b8a535a41@net.fabricmc.yarn.20w14a.20w14a+build.2-v2.jar"/>
    <pathelement location="${basedir}/.gradle/loom-cache/remapped_mods/fabric-tag-extensions-v0-0.2.0+c808269f41@net.fabricmc.yarn.20w14a.20w14a+build.2-v2.jar"/>
    <pathelement location="${basedir}/.gradle/loom-cache/remapped_mods/fabric-textures-v0-1.0.4+821cdba741@net.fabricmc.yarn.20w14a.20w14a+build.2-v2.jar"/>
    <pathelement location="${basedir}/.gradle/loom-cache/remapped_mods/fabric-loader-0.7.9+build.190@net.fabricmc.yarn.20w14a.20w14a+build.2-v2.jar"/>
    <pathelement location="C:/Users/Administrator/.gradle/caches/modules-2/files-2.1/net.fabricmc/fabric-mixin-compile-extensions/0.3.0.4/37e447abb71818259b38e1bedd6fd740b6a42dbe/fabric-mixin-compile-extensions-0.3.0.4.jar"/>
    <pathelement location="C:/Users/Administrator/.gradle/caches/modules-2/files-2.1/com.google.guava/guava/27.1-jre/e47b59c893079b87743cdcfb6f17ca95c08c592c/guava-27.1-jre.jar"/>
    <pathelement location="C:/Users/Administrator/.gradle/caches/modules-2/files-2.1/com.google.code.gson/gson/2.8.5/f645ed69d595b24d4cf8b3fbb64cc505bede8829/gson-2.8.5.jar"/>
    <pathelement location="C:/Users/Administrator/.gradle/caches/modules-2/files-2.1/com.google.guava/failureaccess/1.0.1/1dcf1de382a0bf95a3d8b0849546c88bac1292c9/failureaccess-1.0.1.jar"/>
    <pathelement location="C:/Users/Administrator/.gradle/caches/modules-2/files-2.1/com.google.guava/listenablefuture/9999.0-empty-to-avoid-conflict-with-guava/b421526c5f297295adef1c886e5246c39d4ac629/listenablefuture-9999.0-empty-to-avoid-conflict-with-guava.jar"/>
    <pathelement location="C:/Users/Administrator/.gradle/caches/modules-2/files-2.1/com.google.code.findbugs/jsr305/3.0.2/25ea2e8b0c338a877313bd4672d3fe056ea78f0d/jsr305-3.0.2.jar"/>
    <pathelement location="C:/Users/Administrator/.gradle/caches/modules-2/files-2.1/org.checkerframework/checker-qual/2.5.2/cea74543d5904a30861a61b4643a5f2bb372efc4/checker-qual-2.5.2.jar"/>
    <pathelement location="C:/Users/Administrator/.gradle/caches/modules-2/files-2.1/com.google.errorprone/error_prone_annotations/2.2.0/88e3c593e9b3586e1c6177f89267da6fc6986f0c/error_prone_annotations-2.2.0.jar"/>
    <pathelement location="C:/Users/Administrator/.gradle/caches/modules-2/files-2.1/com.google.j2objc/j2objc-annotations/1.1/ed28ded51a8b1c6b112568def5f4b455e6809019/j2objc-annotations-1.1.jar"/>
    <pathelement location="C:/Users/Administrator/.gradle/caches/modules-2/files-2.1/org.codehaus.mojo/animal-sniffer-annotations/1.17/f97ce6decaea32b36101e37979f8b647f00681fb/animal-sniffer-annotations-1.17.jar"/>
    <pathelement location="C:/Users/Administrator/.gradle/caches/modules-2/files-2.1/net.fabricmc/fabric-loom/0.2.6-SNAPSHOT/a8998b572a5aa625d14ca1b9267476ca21d8ed6b/fabric-loom-0.2.6-SNAPSHOT.jar"/>
    <pathelement location="C:/Users/Administrator/.gradle/caches/fabric-loom/yarn-20w14a+build.2-v2-final.jar"/>
  </path>
  
  <path id="fabricserver.runtime.production.module.classpath">
    <pathelement location="${fabricserver.output.dir}"/>
    <pathelement location="C:/Users/Administrator/.gradle/caches/modules-2/files-2.1/com.mojang/patchy/1.1/aef610b34a1be37fa851825f12372b78424d8903/patchy-1.1.jar"/>
    <pathelement location="C:/Users/Administrator/.gradle/caches/modules-2/files-2.1/oshi-project/oshi-core/1.1/9ddf7b048a8d701be231c0f4f95fd986198fd2d8/oshi-core-1.1.jar"/>
    <pathelement location="C:/Users/Administrator/.gradle/caches/modules-2/files-2.1/net.java.dev.jna/jna/4.4.0/cb208278274bf12ebdb56c61bd7407e6f774d65a/jna-4.4.0.jar"/>
    <pathelement location="C:/Users/Administrator/.gradle/caches/modules-2/files-2.1/net.java.dev.jna/platform/3.4.0/e3f70017be8100d3d6923f50b3d2ee17714e9c13/platform-3.4.0.jar"/>
    <pathelement location="C:/Users/Administrator/.gradle/caches/modules-2/files-2.1/com.ibm.icu/icu4j-core-mojang/51.2/63d216a9311cca6be337c1e458e587f99d382b84/icu4j-core-mojang-51.2.jar"/>
    <pathelement location="C:/Users/Administrator/.gradle/caches/modules-2/files-2.1/com.mojang/javabridge/1.0.22/6aa6453aa99a52a5cd91749da1af6ab70e082ab3/javabridge-1.0.22.jar"/>
    <pathelement location="C:/Users/Administrator/.gradle/caches/modules-2/files-2.1/net.sf.jopt-simple/jopt-simple/5.0.3/cdd846cfc4e0f7eefafc02c0f5dce32b9303aa2a/jopt-simple-5.0.3.jar"/>
    <pathelement location="C:/Users/Administrator/.gradle/caches/modules-2/files-2.1/io.netty/netty-all/4.1.25.Final/d0626cd3108294d1d58c05859add27b4ef21f83b/netty-all-4.1.25.Final.jar"/>
    <pathelement location="C:/Users/Administrator/.gradle/caches/modules-2/files-2.1/com.google.guava/guava/21.0/3a3d111be1be1b745edfa7d91678a12d7ed38709/guava-21.0.jar"/>
    <pathelement location="C:/Users/Administrator/.gradle/caches/modules-2/files-2.1/org.apache.commons/commons-lang3/3.5/6c6c702c89bfff3cd9e80b04d668c5e190d588c6/commons-lang3-3.5.jar"/>
    <pathelement location="C:/Users/Administrator/.gradle/caches/modules-2/files-2.1/commons-io/commons-io/2.5/2852e6e05fbb95076fc091f6d1780f1f8fe35e0f/commons-io-2.5.jar"/>
    <pathelement location="C:/Users/Administrator/.gradle/caches/modules-2/files-2.1/commons-codec/commons-codec/1.10/4b95f4897fa13f2cd904aee711aeafc0c5295cd8/commons-codec-1.10.jar"/>
    <pathelement location="C:/Users/Administrator/.gradle/caches/modules-2/files-2.1/net.java.jinput/jinput/2.0.5/39c7796b469a600f72380316f6b1f11db6c2c7c4/jinput-2.0.5.jar"/>
    <pathelement location="C:/Users/Administrator/.gradle/caches/modules-2/files-2.1/net.java.jutils/jutils/1.0.0/e12fe1fda814bd348c1579329c86943d2cd3c6a6/jutils-1.0.0.jar"/>
    <pathelement location="C:/Users/Administrator/.gradle/caches/modules-2/files-2.1/com.mojang/brigadier/1.0.17/c6b7dc51dd44379cc751b7504816006e9be4b1e6/brigadier-1.0.17.jar"/>
    <pathelement location="C:/Users/Administrator/.gradle/caches/modules-2/files-2.1/com.mojang/datafixerupper/2.0.24/944c24a8519981847ffb36c6dcd059d96fcb4b0/datafixerupper-2.0.24.jar"/>
    <pathelement location="C:/Users/Administrator/.gradle/caches/modules-2/files-2.1/com.google.code.gson/gson/2.8.0/c4ba5371a29ac9b2ad6129b1d39ea38750043eff/gson-2.8.0.jar"/>
    <pathelement location="C:/Users/Administrator/.gradle/caches/modules-2/files-2.1/com.mojang/authlib/1.5.25/9834cdf236c22e84b946bba989e2f94ef5897c3c/authlib-1.5.25.jar"/>
    <pathelement location="C:/Users/Administrator/.gradle/caches/modules-2/files-2.1/org.apache.commons/commons-compress/1.8.1/a698750c16740fd5b3871425f4cb3bbaa87f529d/commons-compress-1.8.1.jar"/>
    <pathelement location="C:/Users/Administrator/.gradle/caches/modules-2/files-2.1/org.apache.httpcomponents/httpclient/4.3.3/18f4247ff4572a074444572cee34647c43e7c9c7/httpclient-4.3.3.jar"/>
    <pathelement location="C:/Users/Administrator/.gradle/caches/modules-2/files-2.1/commons-logging/commons-logging/1.1.3/f6f66e966c70a83ffbdb6f17a0919eaf7c8aca7f/commons-logging-1.1.3.jar"/>
    <pathelement location="C:/Users/Administrator/.gradle/caches/modules-2/files-2.1/org.apache.httpcomponents/httpcore/4.3.2/31fbbff1ddbf98f3aa7377c94d33b0447c646b6e/httpcore-4.3.2.jar"/>
    <pathelement location="C:/Users/Administrator/.gradle/caches/modules-2/files-2.1/it.unimi.dsi/fastutil/8.2.1/5ad88f325e424f8dbc2be5459e21ea5cab3864e9/fastutil-8.2.1.jar"/>
    <pathelement location="C:/Users/Administrator/.gradle/caches/modules-2/files-2.1/org.apache.logging.log4j/log4j-api/2.8.1/e801d13612e22cad62a3f4f3fe7fdbe6334a8e72/log4j-api-2.8.1.jar"/>
    <pathelement location="C:/Users/Administrator/.gradle/caches/modules-2/files-2.1/org.apache.logging.log4j/log4j-core/2.8.1/4ac28ff2f1ddf05dae3043a190451e8c46b73c31/log4j-core-2.8.1.jar"/>
    <pathelement location="C:/Users/Administrator/.gradle/caches/modules-2/files-2.1/org.lwjgl/lwjgl/3.2.2/8ad6294407e15780b43e84929c40e4c5e997972e/lwjgl-3.2.2.jar"/>
    <pathelement location="C:/Users/Administrator/.gradle/caches/modules-2/files-2.1/org.lwjgl/lwjgl-jemalloc/3.2.2/ee8e57a79300f78294576d87c4a587f8c99402e2/lwjgl-jemalloc-3.2.2.jar"/>
    <pathelement location="C:/Users/Administrator/.gradle/caches/modules-2/files-2.1/org.lwjgl/lwjgl-openal/3.2.2/2b772a102b0a11ee5f2109a5b136f4dc7c630827/lwjgl-openal-3.2.2.jar"/>
    <pathelement location="C:/Users/Administrator/.gradle/caches/modules-2/files-2.1/org.lwjgl/lwjgl-opengl/3.2.2/6ac5bb88b44c43ea195a570aab059f63da004cd8/lwjgl-opengl-3.2.2.jar"/>
    <pathelement location="C:/Users/Administrator/.gradle/caches/modules-2/files-2.1/org.lwjgl/lwjgl-glfw/3.2.2/d3ad4df38e400b8afba1de63f84338809399df5b/lwjgl-glfw-3.2.2.jar"/>
    <pathelement location="C:/Users/Administrator/.gradle/caches/modules-2/files-2.1/org.lwjgl/lwjgl-stb/3.2.2/3b8e6ebc5851dd3d17e37e5cadce2eff2a429f0f/lwjgl-stb-3.2.2.jar"/>
    <pathelement location="C:/Users/Administrator/.gradle/caches/modules-2/files-2.1/org.lwjgl/lwjgl-tinyfd/3.2.2/fcbe606c8f8da6f8f9a05e2c540eb1ee8632b0e9/lwjgl-tinyfd-3.2.2.jar"/>
    <pathelement location="C:/Users/Administrator/.gradle/caches/modules-2/files-2.1/com.mojang/text2speech/1.11.3/f378f889797edd7df8d32272c06ca80a1b6b0f58/text2speech-1.11.3.jar"/>
    <pathelement location="C:/Users/Administrator/.gradle/caches/modules-2/files-2.1/net.fabricmc/tiny-mappings-parser/0.2.0.11/7867441f757f51b3e611116534d7450a3b4a83f4/tiny-mappings-parser-0.2.0.11.jar"/>
    <pathelement location="C:/Users/Administrator/.gradle/caches/modules-2/files-2.1/net.fabricmc/sponge-mixin/0.8+build.18/af077ad2845a00cde186fa2c99c4dd32bd2a2766/sponge-mixin-0.8+build.18.jar"/>
    <pathelement location="C:/Users/Administrator/.gradle/caches/modules-2/files-2.1/net.fabricmc/tiny-remapper/0.2.0.52/6693ca33a7209dc1a90a164afa434b5517364a28/tiny-remapper-0.2.0.52.jar"/>
    <pathelement location="C:/Users/Administrator/.gradle/caches/modules-2/files-2.1/net.fabricmc/fabric-loader-sat4j/2.3.5.4/f8fe5353909430b5845ae24ea1e01d83f12ad916/fabric-loader-sat4j-2.3.5.4.jar"/>
    <pathelement location="C:/Users/Administrator/.gradle/caches/modules-2/files-2.1/com.google.jimfs/jimfs/1.1/8fbd0579dc68aba6186935cc1bee21d2f3e7ec1c/jimfs-1.1.jar"/>
    <pathelement location="C:/Users/Administrator/.gradle/caches/modules-2/files-2.1/org.ow2.asm/asm/7.3.1/7ec32f922315924e82bf58b36ee1b673b2a9b820/asm-7.3.1.jar"/>
    <pathelement location="C:/Users/Administrator/.gradle/caches/modules-2/files-2.1/org.ow2.asm/asm-analysis/7.3.1/45dfd299ea0c17d534499c4f06417ceccfa2d02/asm-analysis-7.3.1.jar"/>
    <pathelement location="C:/Users/Administrator/.gradle/caches/modules-2/files-2.1/org.ow2.asm/asm-commons/7.3.1/daaa79ef260eb67404b9a52bc319a024c7f49cfe/asm-commons-7.3.1.jar"/>
    <pathelement location="C:/Users/Administrator/.gradle/caches/modules-2/files-2.1/org.ow2.asm/asm-tree/7.3.1/587ce54d243145b2e89598bfcea7823ded73be5d/asm-tree-7.3.1.jar"/>
    <pathelement location="C:/Users/Administrator/.gradle/caches/modules-2/files-2.1/org.ow2.asm/asm-util/7.3.1/cac1bf54c2fb86671c357d281d1060fe5d50a0de/asm-util-7.3.1.jar"/>
    <pathelement location="C:/Users/Administrator/.gradle/caches/fabric-loom/minecraft-20w14a-mapped-net.fabricmc.yarn-20w14a+build.2-v2.jar"/>
    <pathelement location="${basedir}/.gradle/loom-cache/remapped_mods/fabric-api-0.5.7+build.314-1.16@net.fabricmc.yarn.20w14a.20w14a+build.2-v2.jar"/>
    <pathelement location="${basedir}/.gradle/loom-cache/remapped_mods/fabric-api-base-0.1.2+b7f9825d41@net.fabricmc.yarn.20w14a.20w14a+build.2-v2.jar"/>
    <pathelement location="${basedir}/.gradle/loom-cache/remapped_mods/fabric-biomes-v1-0.2.1+b7d52fa541@net.fabricmc.yarn.20w14a.20w14a+build.2-v2.jar"/>
    <pathelement location="${basedir}/.gradle/loom-cache/remapped_mods/fabric-blockrenderlayer-v1-1.1.4+c6a8ea8941@net.fabricmc.yarn.20w14a.20w14a+build.2-v2.jar"/>
    <pathelement location="${basedir}/.gradle/loom-cache/remapped_mods/fabric-commands-v0-0.1.3+c808269f41@net.fabricmc.yarn.20w14a.20w14a+build.2-v2.jar"/>
    <pathelement location="${basedir}/.gradle/loom-cache/remapped_mods/fabric-containers-v0-0.1.7+d249f7b641@net.fabricmc.yarn.20w14a.20w14a+build.2-v2.jar"/>
    <pathelement location="${basedir}/.gradle/loom-cache/remapped_mods/fabric-content-registries-v0-0.1.4+c808269f41@net.fabricmc.yarn.20w14a.20w14a+build.2-v2.jar"/>
    <pathelement location="${basedir}/.gradle/loom-cache/remapped_mods/fabric-crash-report-info-v1-0.1.2+b7f9825d41@net.fabricmc.yarn.20w14a.20w14a+build.2-v2.jar"/>
    <pathelement location="${basedir}/.gradle/loom-cache/remapped_mods/fabric-dimensions-v1-0.3.1+d249f7b641@net.fabricmc.yarn.20w14a.20w14a+build.2-v2.jar"/>
    <pathelement location="${basedir}/.gradle/loom-cache/remapped_mods/fabric-events-interaction-v0-0.3.0+04b9979441@net.fabricmc.yarn.20w14a.20w14a+build.2-v2.jar"/>
    <pathelement location="${basedir}/.gradle/loom-cache/remapped_mods/fabric-events-lifecycle-v0-0.1.2+b7f9825d41@net.fabricmc.yarn.20w14a.20w14a+build.2-v2.jar"/>
    <pathelement location="${basedir}/.gradle/loom-cache/remapped_mods/fabric-item-groups-v0-0.1.10+d249f7b641@net.fabricmc.yarn.20w14a.20w14a+build.2-v2.jar"/>
    <pathelement location="${basedir}/.gradle/loom-cache/remapped_mods/fabric-keybindings-v0-0.1.1+dfdb52d641@net.fabricmc.yarn.20w14a.20w14a+build.2-v2.jar"/>
    <pathelement location="${basedir}/.gradle/loom-cache/remapped_mods/fabric-loot-tables-v1-0.1.6+2f56dff241@net.fabricmc.yarn.20w14a.20w14a+build.2-v2.jar"/>
    <pathelement location="${basedir}/.gradle/loom-cache/remapped_mods/fabric-mining-levels-v0-0.1.2+5b8a535a41@net.fabricmc.yarn.20w14a.20w14a+build.2-v2.jar"/>
    <pathelement location="${basedir}/.gradle/loom-cache/remapped_mods/fabric-models-v0-0.1.0+dfdb52d641@net.fabricmc.yarn.20w14a.20w14a+build.2-v2.jar"/>
    <pathelement location="${basedir}/.gradle/loom-cache/remapped_mods/fabric-networking-blockentity-v0-0.2.5+b50ffc7b41@net.fabricmc.yarn.20w14a.20w14a+build.2-v2.jar"/>
    <pathelement location="${basedir}/.gradle/loom-cache/remapped_mods/fabric-networking-v0-0.1.9+d249f7b641@net.fabricmc.yarn.20w14a.20w14a+build.2-v2.jar"/>
    <pathelement location="${basedir}/.gradle/loom-cache/remapped_mods/fabric-object-builders-v0-0.2.3+c808269f41@net.fabricmc.yarn.20w14a.20w14a+build.2-v2.jar"/>
    <pathelement location="${basedir}/.gradle/loom-cache/remapped_mods/fabric-particles-v1-0.1.1+dfdb52d641@net.fabricmc.yarn.20w14a.20w14a+build.2-v2.jar"/>
    <pathelement location="${basedir}/.gradle/loom-cache/remapped_mods/fabric-registry-sync-v0-0.2.9+372d827d41@net.fabricmc.yarn.20w14a.20w14a+build.2-v2.jar"/>
    <pathelement location="${basedir}/.gradle/loom-cache/remapped_mods/fabric-renderer-api-v1-0.2.11+2f56dff241@net.fabricmc.yarn.20w14a.20w14a+build.2-v2.jar"/>
    <pathelement location="${basedir}/.gradle/loom-cache/remapped_mods/fabric-renderer-indigo-0.2.28+c808269f41@net.fabricmc.yarn.20w14a.20w14a+build.2-v2.jar"/>
    <pathelement location="${basedir}/.gradle/loom-cache/remapped_mods/fabric-renderer-registries-v1-2.0.1+5a0f9a6041@net.fabricmc.yarn.20w14a.20w14a+build.2-v2.jar"/>
    <pathelement location="${basedir}/.gradle/loom-cache/remapped_mods/fabric-rendering-data-attachment-v1-0.1.3+b7f9825d41@net.fabricmc.yarn.20w14a.20w14a+build.2-v2.jar"/>
    <pathelement location="${basedir}/.gradle/loom-cache/remapped_mods/fabric-rendering-fluids-v1-0.1.6+12515ed941@net.fabricmc.yarn.20w14a.20w14a+build.2-v2.jar"/>
    <pathelement location="${basedir}/.gradle/loom-cache/remapped_mods/fabric-rendering-v0-1.1.0+5341049041@net.fabricmc.yarn.20w14a.20w14a+build.2-v2.jar"/>
    <pathelement location="${basedir}/.gradle/loom-cache/remapped_mods/fabric-rendering-v1-0.1.1+d249f7b641@net.fabricmc.yarn.20w14a.20w14a+build.2-v2.jar"/>
    <pathelement location="${basedir}/.gradle/loom-cache/remapped_mods/fabric-resource-loader-v0-0.1.12+5b8a535a41@net.fabricmc.yarn.20w14a.20w14a+build.2-v2.jar"/>
    <pathelement location="${basedir}/.gradle/loom-cache/remapped_mods/fabric-tag-extensions-v0-0.2.0+c808269f41@net.fabricmc.yarn.20w14a.20w14a+build.2-v2.jar"/>
    <pathelement location="${basedir}/.gradle/loom-cache/remapped_mods/fabric-textures-v0-1.0.4+821cdba741@net.fabricmc.yarn.20w14a.20w14a+build.2-v2.jar"/>
    <pathelement location="${basedir}/.gradle/loom-cache/remapped_mods/fabric-loader-0.7.9+build.190@net.fabricmc.yarn.20w14a.20w14a+build.2-v2.jar"/>
    <pathelement location="C:/Users/Administrator/.gradle/caches/fabric-loom/yarn-20w14a+build.2-v2-final.jar"/>
    <pathelement location="C:/Users/Administrator/.gradle/caches/modules-2/files-2.1/net.fabricmc/dev-launch-injector/0.2.0+build.6/dd742e9568d7c00250fcf0bd9a549e87ce39d3d8/dev-launch-injector-0.2.0+build.6.jar"/>
  </path>
  
  <path id="fabricserver.module.classpath">
    <path refid="${module.jdk.classpath.fabricserver}"/>
    <pathelement location="${fabricserver.output.dir}"/>
    <pathelement location="C:/Users/Administrator/.gradle/caches/modules-2/files-2.1/com.mojang/patchy/1.1/aef610b34a1be37fa851825f12372b78424d8903/patchy-1.1.jar"/>
    <pathelement location="C:/Users/Administrator/.gradle/caches/modules-2/files-2.1/oshi-project/oshi-core/1.1/9ddf7b048a8d701be231c0f4f95fd986198fd2d8/oshi-core-1.1.jar"/>
    <pathelement location="C:/Users/Administrator/.gradle/caches/modules-2/files-2.1/net.java.dev.jna/jna/4.4.0/cb208278274bf12ebdb56c61bd7407e6f774d65a/jna-4.4.0.jar"/>
    <pathelement location="C:/Users/Administrator/.gradle/caches/modules-2/files-2.1/net.java.dev.jna/platform/3.4.0/e3f70017be8100d3d6923f50b3d2ee17714e9c13/platform-3.4.0.jar"/>
    <pathelement location="C:/Users/Administrator/.gradle/caches/modules-2/files-2.1/com.ibm.icu/icu4j-core-mojang/51.2/63d216a9311cca6be337c1e458e587f99d382b84/icu4j-core-mojang-51.2.jar"/>
    <pathelement location="C:/Users/Administrator/.gradle/caches/modules-2/files-2.1/com.mojang/javabridge/1.0.22/6aa6453aa99a52a5cd91749da1af6ab70e082ab3/javabridge-1.0.22.jar"/>
    <pathelement location="C:/Users/Administrator/.gradle/caches/modules-2/files-2.1/net.sf.jopt-simple/jopt-simple/5.0.3/cdd846cfc4e0f7eefafc02c0f5dce32b9303aa2a/jopt-simple-5.0.3.jar"/>
    <pathelement location="C:/Users/Administrator/.gradle/caches/modules-2/files-2.1/io.netty/netty-all/4.1.25.Final/d0626cd3108294d1d58c05859add27b4ef21f83b/netty-all-4.1.25.Final.jar"/>
    <pathelement location="C:/Users/Administrator/.gradle/caches/modules-2/files-2.1/com.google.guava/guava/21.0/3a3d111be1be1b745edfa7d91678a12d7ed38709/guava-21.0.jar"/>
    <pathelement location="C:/Users/Administrator/.gradle/caches/modules-2/files-2.1/org.apache.commons/commons-lang3/3.5/6c6c702c89bfff3cd9e80b04d668c5e190d588c6/commons-lang3-3.5.jar"/>
    <pathelement location="C:/Users/Administrator/.gradle/caches/modules-2/files-2.1/commons-io/commons-io/2.5/2852e6e05fbb95076fc091f6d1780f1f8fe35e0f/commons-io-2.5.jar"/>
    <pathelement location="C:/Users/Administrator/.gradle/caches/modules-2/files-2.1/commons-codec/commons-codec/1.10/4b95f4897fa13f2cd904aee711aeafc0c5295cd8/commons-codec-1.10.jar"/>
    <pathelement location="C:/Users/Administrator/.gradle/caches/modules-2/files-2.1/net.java.jinput/jinput/2.0.5/39c7796b469a600f72380316f6b1f11db6c2c7c4/jinput-2.0.5.jar"/>
    <pathelement location="C:/Users/Administrator/.gradle/caches/modules-2/files-2.1/net.java.jutils/jutils/1.0.0/e12fe1fda814bd348c1579329c86943d2cd3c6a6/jutils-1.0.0.jar"/>
    <pathelement location="C:/Users/Administrator/.gradle/caches/modules-2/files-2.1/com.mojang/brigadier/1.0.17/c6b7dc51dd44379cc751b7504816006e9be4b1e6/brigadier-1.0.17.jar"/>
    <pathelement location="C:/Users/Administrator/.gradle/caches/modules-2/files-2.1/com.mojang/datafixerupper/2.0.24/944c24a8519981847ffb36c6dcd059d96fcb4b0/datafixerupper-2.0.24.jar"/>
    <pathelement location="C:/Users/Administrator/.gradle/caches/modules-2/files-2.1/com.google.code.gson/gson/2.8.0/c4ba5371a29ac9b2ad6129b1d39ea38750043eff/gson-2.8.0.jar"/>
    <pathelement location="C:/Users/Administrator/.gradle/caches/modules-2/files-2.1/com.mojang/authlib/1.5.25/9834cdf236c22e84b946bba989e2f94ef5897c3c/authlib-1.5.25.jar"/>
    <pathelement location="C:/Users/Administrator/.gradle/caches/modules-2/files-2.1/org.apache.commons/commons-compress/1.8.1/a698750c16740fd5b3871425f4cb3bbaa87f529d/commons-compress-1.8.1.jar"/>
    <pathelement location="C:/Users/Administrator/.gradle/caches/modules-2/files-2.1/org.apache.httpcomponents/httpclient/4.3.3/18f4247ff4572a074444572cee34647c43e7c9c7/httpclient-4.3.3.jar"/>
    <pathelement location="C:/Users/Administrator/.gradle/caches/modules-2/files-2.1/commons-logging/commons-logging/1.1.3/f6f66e966c70a83ffbdb6f17a0919eaf7c8aca7f/commons-logging-1.1.3.jar"/>
    <pathelement location="C:/Users/Administrator/.gradle/caches/modules-2/files-2.1/org.apache.httpcomponents/httpcore/4.3.2/31fbbff1ddbf98f3aa7377c94d33b0447c646b6e/httpcore-4.3.2.jar"/>
    <pathelement location="C:/Users/Administrator/.gradle/caches/modules-2/files-2.1/it.unimi.dsi/fastutil/8.2.1/5ad88f325e424f8dbc2be5459e21ea5cab3864e9/fastutil-8.2.1.jar"/>
    <pathelement location="C:/Users/Administrator/.gradle/caches/modules-2/files-2.1/org.apache.logging.log4j/log4j-api/2.8.1/e801d13612e22cad62a3f4f3fe7fdbe6334a8e72/log4j-api-2.8.1.jar"/>
    <pathelement location="C:/Users/Administrator/.gradle/caches/modules-2/files-2.1/org.apache.logging.log4j/log4j-core/2.8.1/4ac28ff2f1ddf05dae3043a190451e8c46b73c31/log4j-core-2.8.1.jar"/>
    <pathelement location="C:/Users/Administrator/.gradle/caches/modules-2/files-2.1/org.lwjgl/lwjgl/3.2.2/8ad6294407e15780b43e84929c40e4c5e997972e/lwjgl-3.2.2.jar"/>
    <pathelement location="C:/Users/Administrator/.gradle/caches/modules-2/files-2.1/org.lwjgl/lwjgl-jemalloc/3.2.2/ee8e57a79300f78294576d87c4a587f8c99402e2/lwjgl-jemalloc-3.2.2.jar"/>
    <pathelement location="C:/Users/Administrator/.gradle/caches/modules-2/files-2.1/org.lwjgl/lwjgl-openal/3.2.2/2b772a102b0a11ee5f2109a5b136f4dc7c630827/lwjgl-openal-3.2.2.jar"/>
    <pathelement location="C:/Users/Administrator/.gradle/caches/modules-2/files-2.1/org.lwjgl/lwjgl-opengl/3.2.2/6ac5bb88b44c43ea195a570aab059f63da004cd8/lwjgl-opengl-3.2.2.jar"/>
    <pathelement location="C:/Users/Administrator/.gradle/caches/modules-2/files-2.1/org.lwjgl/lwjgl-glfw/3.2.2/d3ad4df38e400b8afba1de63f84338809399df5b/lwjgl-glfw-3.2.2.jar"/>
    <pathelement location="C:/Users/Administrator/.gradle/caches/modules-2/files-2.1/org.lwjgl/lwjgl-stb/3.2.2/3b8e6ebc5851dd3d17e37e5cadce2eff2a429f0f/lwjgl-stb-3.2.2.jar"/>
    <pathelement location="C:/Users/Administrator/.gradle/caches/modules-2/files-2.1/org.lwjgl/lwjgl-tinyfd/3.2.2/fcbe606c8f8da6f8f9a05e2c540eb1ee8632b0e9/lwjgl-tinyfd-3.2.2.jar"/>
    <pathelement location="C:/Users/Administrator/.gradle/caches/modules-2/files-2.1/com.mojang/text2speech/1.11.3/f378f889797edd7df8d32272c06ca80a1b6b0f58/text2speech-1.11.3.jar"/>
    <pathelement location="C:/Users/Administrator/.gradle/caches/modules-2/files-2.1/net.fabricmc/tiny-mappings-parser/0.2.0.11/7867441f757f51b3e611116534d7450a3b4a83f4/tiny-mappings-parser-0.2.0.11.jar"/>
    <pathelement location="C:/Users/Administrator/.gradle/caches/modules-2/files-2.1/net.fabricmc/sponge-mixin/0.8+build.18/af077ad2845a00cde186fa2c99c4dd32bd2a2766/sponge-mixin-0.8+build.18.jar"/>
    <pathelement location="C:/Users/Administrator/.gradle/caches/modules-2/files-2.1/net.fabricmc/tiny-remapper/0.2.0.52/6693ca33a7209dc1a90a164afa434b5517364a28/tiny-remapper-0.2.0.52.jar"/>
    <pathelement location="C:/Users/Administrator/.gradle/caches/modules-2/files-2.1/net.fabricmc/fabric-loader-sat4j/2.3.5.4/f8fe5353909430b5845ae24ea1e01d83f12ad916/fabric-loader-sat4j-2.3.5.4.jar"/>
    <pathelement location="C:/Users/Administrator/.gradle/caches/modules-2/files-2.1/com.google.jimfs/jimfs/1.1/8fbd0579dc68aba6186935cc1bee21d2f3e7ec1c/jimfs-1.1.jar"/>
    <pathelement location="C:/Users/Administrator/.gradle/caches/modules-2/files-2.1/org.ow2.asm/asm/7.3.1/7ec32f922315924e82bf58b36ee1b673b2a9b820/asm-7.3.1.jar"/>
    <pathelement location="C:/Users/Administrator/.gradle/caches/modules-2/files-2.1/org.ow2.asm/asm-analysis/7.3.1/45dfd299ea0c17d534499c4f06417ceccfa2d02/asm-analysis-7.3.1.jar"/>
    <pathelement location="C:/Users/Administrator/.gradle/caches/modules-2/files-2.1/org.ow2.asm/asm-commons/7.3.1/daaa79ef260eb67404b9a52bc319a024c7f49cfe/asm-commons-7.3.1.jar"/>
    <pathelement location="C:/Users/Administrator/.gradle/caches/modules-2/files-2.1/org.ow2.asm/asm-tree/7.3.1/587ce54d243145b2e89598bfcea7823ded73be5d/asm-tree-7.3.1.jar"/>
    <pathelement location="C:/Users/Administrator/.gradle/caches/modules-2/files-2.1/org.ow2.asm/asm-util/7.3.1/cac1bf54c2fb86671c357d281d1060fe5d50a0de/asm-util-7.3.1.jar"/>
    <pathelement location="C:/Users/Administrator/.gradle/caches/fabric-loom/minecraft-20w14a-mapped-net.fabricmc.yarn-20w14a+build.2-v2.jar"/>
    <pathelement location="${basedir}/.gradle/loom-cache/remapped_mods/fabric-api-0.5.7+build.314-1.16@net.fabricmc.yarn.20w14a.20w14a+build.2-v2.jar"/>
    <pathelement location="${basedir}/.gradle/loom-cache/remapped_mods/fabric-api-base-0.1.2+b7f9825d41@net.fabricmc.yarn.20w14a.20w14a+build.2-v2.jar"/>
    <pathelement location="${basedir}/.gradle/loom-cache/remapped_mods/fabric-biomes-v1-0.2.1+b7d52fa541@net.fabricmc.yarn.20w14a.20w14a+build.2-v2.jar"/>
    <pathelement location="${basedir}/.gradle/loom-cache/remapped_mods/fabric-blockrenderlayer-v1-1.1.4+c6a8ea8941@net.fabricmc.yarn.20w14a.20w14a+build.2-v2.jar"/>
    <pathelement location="${basedir}/.gradle/loom-cache/remapped_mods/fabric-commands-v0-0.1.3+c808269f41@net.fabricmc.yarn.20w14a.20w14a+build.2-v2.jar"/>
    <pathelement location="${basedir}/.gradle/loom-cache/remapped_mods/fabric-containers-v0-0.1.7+d249f7b641@net.fabricmc.yarn.20w14a.20w14a+build.2-v2.jar"/>
    <pathelement location="${basedir}/.gradle/loom-cache/remapped_mods/fabric-content-registries-v0-0.1.4+c808269f41@net.fabricmc.yarn.20w14a.20w14a+build.2-v2.jar"/>
    <pathelement location="${basedir}/.gradle/loom-cache/remapped_mods/fabric-crash-report-info-v1-0.1.2+b7f9825d41@net.fabricmc.yarn.20w14a.20w14a+build.2-v2.jar"/>
    <pathelement location="${basedir}/.gradle/loom-cache/remapped_mods/fabric-dimensions-v1-0.3.1+d249f7b641@net.fabricmc.yarn.20w14a.20w14a+build.2-v2.jar"/>
    <pathelement location="${basedir}/.gradle/loom-cache/remapped_mods/fabric-events-interaction-v0-0.3.0+04b9979441@net.fabricmc.yarn.20w14a.20w14a+build.2-v2.jar"/>
    <pathelement location="${basedir}/.gradle/loom-cache/remapped_mods/fabric-events-lifecycle-v0-0.1.2+b7f9825d41@net.fabricmc.yarn.20w14a.20w14a+build.2-v2.jar"/>
    <pathelement location="${basedir}/.gradle/loom-cache/remapped_mods/fabric-item-groups-v0-0.1.10+d249f7b641@net.fabricmc.yarn.20w14a.20w14a+build.2-v2.jar"/>
    <pathelement location="${basedir}/.gradle/loom-cache/remapped_mods/fabric-keybindings-v0-0.1.1+dfdb52d641@net.fabricmc.yarn.20w14a.20w14a+build.2-v2.jar"/>
    <pathelement location="${basedir}/.gradle/loom-cache/remapped_mods/fabric-loot-tables-v1-0.1.6+2f56dff241@net.fabricmc.yarn.20w14a.20w14a+build.2-v2.jar"/>
    <pathelement location="${basedir}/.gradle/loom-cache/remapped_mods/fabric-mining-levels-v0-0.1.2+5b8a535a41@net.fabricmc.yarn.20w14a.20w14a+build.2-v2.jar"/>
    <pathelement location="${basedir}/.gradle/loom-cache/remapped_mods/fabric-models-v0-0.1.0+dfdb52d641@net.fabricmc.yarn.20w14a.20w14a+build.2-v2.jar"/>
    <pathelement location="${basedir}/.gradle/loom-cache/remapped_mods/fabric-networking-blockentity-v0-0.2.5+b50ffc7b41@net.fabricmc.yarn.20w14a.20w14a+build.2-v2.jar"/>
    <pathelement location="${basedir}/.gradle/loom-cache/remapped_mods/fabric-networking-v0-0.1.9+d249f7b641@net.fabricmc.yarn.20w14a.20w14a+build.2-v2.jar"/>
    <pathelement location="${basedir}/.gradle/loom-cache/remapped_mods/fabric-object-builders-v0-0.2.3+c808269f41@net.fabricmc.yarn.20w14a.20w14a+build.2-v2.jar"/>
    <pathelement location="${basedir}/.gradle/loom-cache/remapped_mods/fabric-particles-v1-0.1.1+dfdb52d641@net.fabricmc.yarn.20w14a.20w14a+build.2-v2.jar"/>
    <pathelement location="${basedir}/.gradle/loom-cache/remapped_mods/fabric-registry-sync-v0-0.2.9+372d827d41@net.fabricmc.yarn.20w14a.20w14a+build.2-v2.jar"/>
    <pathelement location="${basedir}/.gradle/loom-cache/remapped_mods/fabric-renderer-api-v1-0.2.11+2f56dff241@net.fabricmc.yarn.20w14a.20w14a+build.2-v2.jar"/>
    <pathelement location="${basedir}/.gradle/loom-cache/remapped_mods/fabric-renderer-indigo-0.2.28+c808269f41@net.fabricmc.yarn.20w14a.20w14a+build.2-v2.jar"/>
    <pathelement location="${basedir}/.gradle/loom-cache/remapped_mods/fabric-renderer-registries-v1-2.0.1+5a0f9a6041@net.fabricmc.yarn.20w14a.20w14a+build.2-v2.jar"/>
    <pathelement location="${basedir}/.gradle/loom-cache/remapped_mods/fabric-rendering-data-attachment-v1-0.1.3+b7f9825d41@net.fabricmc.yarn.20w14a.20w14a+build.2-v2.jar"/>
    <pathelement location="${basedir}/.gradle/loom-cache/remapped_mods/fabric-rendering-fluids-v1-0.1.6+12515ed941@net.fabricmc.yarn.20w14a.20w14a+build.2-v2.jar"/>
    <pathelement location="${basedir}/.gradle/loom-cache/remapped_mods/fabric-rendering-v0-1.1.0+5341049041@net.fabricmc.yarn.20w14a.20w14a+build.2-v2.jar"/>
    <pathelement location="${basedir}/.gradle/loom-cache/remapped_mods/fabric-rendering-v1-0.1.1+d249f7b641@net.fabricmc.yarn.20w14a.20w14a+build.2-v2.jar"/>
    <pathelement location="${basedir}/.gradle/loom-cache/remapped_mods/fabric-resource-loader-v0-0.1.12+5b8a535a41@net.fabricmc.yarn.20w14a.20w14a+build.2-v2.jar"/>
    <pathelement location="${basedir}/.gradle/loom-cache/remapped_mods/fabric-tag-extensions-v0-0.2.0+c808269f41@net.fabricmc.yarn.20w14a.20w14a+build.2-v2.jar"/>
    <pathelement location="${basedir}/.gradle/loom-cache/remapped_mods/fabric-textures-v0-1.0.4+821cdba741@net.fabricmc.yarn.20w14a.20w14a+build.2-v2.jar"/>
    <pathelement location="${basedir}/.gradle/loom-cache/remapped_mods/fabric-loader-0.7.9+build.190@net.fabricmc.yarn.20w14a.20w14a+build.2-v2.jar"/>
    <pathelement location="C:/Users/Administrator/.gradle/caches/modules-2/files-2.1/net.fabricmc/fabric-mixin-compile-extensions/0.3.0.4/37e447abb71818259b38e1bedd6fd740b6a42dbe/fabric-mixin-compile-extensions-0.3.0.4.jar"/>
    <pathelement location="C:/Users/Administrator/.gradle/caches/modules-2/files-2.1/com.google.guava/guava/27.1-jre/e47b59c893079b87743cdcfb6f17ca95c08c592c/guava-27.1-jre.jar"/>
    <pathelement location="C:/Users/Administrator/.gradle/caches/modules-2/files-2.1/com.google.code.gson/gson/2.8.5/f645ed69d595b24d4cf8b3fbb64cc505bede8829/gson-2.8.5.jar"/>
    <pathelement location="C:/Users/Administrator/.gradle/caches/modules-2/files-2.1/com.google.guava/failureaccess/1.0.1/1dcf1de382a0bf95a3d8b0849546c88bac1292c9/failureaccess-1.0.1.jar"/>
    <pathelement location="C:/Users/Administrator/.gradle/caches/modules-2/files-2.1/com.google.guava/listenablefuture/9999.0-empty-to-avoid-conflict-with-guava/b421526c5f297295adef1c886e5246c39d4ac629/listenablefuture-9999.0-empty-to-avoid-conflict-with-guava.jar"/>
    <pathelement location="C:/Users/Administrator/.gradle/caches/modules-2/files-2.1/com.google.code.findbugs/jsr305/3.0.2/25ea2e8b0c338a877313bd4672d3fe056ea78f0d/jsr305-3.0.2.jar"/>
    <pathelement location="C:/Users/Administrator/.gradle/caches/modules-2/files-2.1/org.checkerframework/checker-qual/2.5.2/cea74543d5904a30861a61b4643a5f2bb372efc4/checker-qual-2.5.2.jar"/>
    <pathelement location="C:/Users/Administrator/.gradle/caches/modules-2/files-2.1/com.google.errorprone/error_prone_annotations/2.2.0/88e3c593e9b3586e1c6177f89267da6fc6986f0c/error_prone_annotations-2.2.0.jar"/>
    <pathelement location="C:/Users/Administrator/.gradle/caches/modules-2/files-2.1/com.google.j2objc/j2objc-annotations/1.1/ed28ded51a8b1c6b112568def5f4b455e6809019/j2objc-annotations-1.1.jar"/>
    <pathelement location="C:/Users/Administrator/.gradle/caches/modules-2/files-2.1/org.codehaus.mojo/animal-sniffer-annotations/1.17/f97ce6decaea32b36101e37979f8b647f00681fb/animal-sniffer-annotations-1.17.jar"/>
    <pathelement location="C:/Users/Administrator/.gradle/caches/modules-2/files-2.1/net.fabricmc/fabric-loom/0.2.6-SNAPSHOT/a8998b572a5aa625d14ca1b9267476ca21d8ed6b/fabric-loom-0.2.6-SNAPSHOT.jar"/>
    <pathelement location="C:/Users/Administrator/.gradle/caches/fabric-loom/yarn-20w14a+build.2-v2-final.jar"/>
    <pathelement location="C:/Users/Administrator/.gradle/caches/modules-2/files-2.1/net.fabricmc/dev-launch-injector/0.2.0+build.6/dd742e9568d7c00250fcf0bd9a549e87ce39d3d8/dev-launch-injector-0.2.0+build.6.jar"/>
  </path>
  
  <path id="fabricserver.runtime.module.classpath">
    <pathelement location="${fabricserver.testoutput.dir}"/>
    <pathelement location="${fabricserver.output.dir}"/>
    <pathelement location="C:/Users/Administrator/.gradle/caches/modules-2/files-2.1/com.mojang/patchy/1.1/aef610b34a1be37fa851825f12372b78424d8903/patchy-1.1.jar"/>
    <pathelement location="C:/Users/Administrator/.gradle/caches/modules-2/files-2.1/oshi-project/oshi-core/1.1/9ddf7b048a8d701be231c0f4f95fd986198fd2d8/oshi-core-1.1.jar"/>
    <pathelement location="C:/Users/Administrator/.gradle/caches/modules-2/files-2.1/net.java.dev.jna/jna/4.4.0/cb208278274bf12ebdb56c61bd7407e6f774d65a/jna-4.4.0.jar"/>
    <pathelement location="C:/Users/Administrator/.gradle/caches/modules-2/files-2.1/net.java.dev.jna/platform/3.4.0/e3f70017be8100d3d6923f50b3d2ee17714e9c13/platform-3.4.0.jar"/>
    <pathelement location="C:/Users/Administrator/.gradle/caches/modules-2/files-2.1/com.ibm.icu/icu4j-core-mojang/51.2/63d216a9311cca6be337c1e458e587f99d382b84/icu4j-core-mojang-51.2.jar"/>
    <pathelement location="C:/Users/Administrator/.gradle/caches/modules-2/files-2.1/com.mojang/javabridge/1.0.22/6aa6453aa99a52a5cd91749da1af6ab70e082ab3/javabridge-1.0.22.jar"/>
    <pathelement location="C:/Users/Administrator/.gradle/caches/modules-2/files-2.1/net.sf.jopt-simple/jopt-simple/5.0.3/cdd846cfc4e0f7eefafc02c0f5dce32b9303aa2a/jopt-simple-5.0.3.jar"/>
    <pathelement location="C:/Users/Administrator/.gradle/caches/modules-2/files-2.1/io.netty/netty-all/4.1.25.Final/d0626cd3108294d1d58c05859add27b4ef21f83b/netty-all-4.1.25.Final.jar"/>
    <pathelement location="C:/Users/Administrator/.gradle/caches/modules-2/files-2.1/com.google.guava/guava/21.0/3a3d111be1be1b745edfa7d91678a12d7ed38709/guava-21.0.jar"/>
    <pathelement location="C:/Users/Administrator/.gradle/caches/modules-2/files-2.1/org.apache.commons/commons-lang3/3.5/6c6c702c89bfff3cd9e80b04d668c5e190d588c6/commons-lang3-3.5.jar"/>
    <pathelement location="C:/Users/Administrator/.gradle/caches/modules-2/files-2.1/commons-io/commons-io/2.5/2852e6e05fbb95076fc091f6d1780f1f8fe35e0f/commons-io-2.5.jar"/>
    <pathelement location="C:/Users/Administrator/.gradle/caches/modules-2/files-2.1/commons-codec/commons-codec/1.10/4b95f4897fa13f2cd904aee711aeafc0c5295cd8/commons-codec-1.10.jar"/>
    <pathelement location="C:/Users/Administrator/.gradle/caches/modules-2/files-2.1/net.java.jinput/jinput/2.0.5/39c7796b469a600f72380316f6b1f11db6c2c7c4/jinput-2.0.5.jar"/>
    <pathelement location="C:/Users/Administrator/.gradle/caches/modules-2/files-2.1/net.java.jutils/jutils/1.0.0/e12fe1fda814bd348c1579329c86943d2cd3c6a6/jutils-1.0.0.jar"/>
    <pathelement location="C:/Users/Administrator/.gradle/caches/modules-2/files-2.1/com.mojang/brigadier/1.0.17/c6b7dc51dd44379cc751b7504816006e9be4b1e6/brigadier-1.0.17.jar"/>
    <pathelement location="C:/Users/Administrator/.gradle/caches/modules-2/files-2.1/com.mojang/datafixerupper/2.0.24/944c24a8519981847ffb36c6dcd059d96fcb4b0/datafixerupper-2.0.24.jar"/>
    <pathelement location="C:/Users/Administrator/.gradle/caches/modules-2/files-2.1/com.google.code.gson/gson/2.8.0/c4ba5371a29ac9b2ad6129b1d39ea38750043eff/gson-2.8.0.jar"/>
    <pathelement location="C:/Users/Administrator/.gradle/caches/modules-2/files-2.1/com.mojang/authlib/1.5.25/9834cdf236c22e84b946bba989e2f94ef5897c3c/authlib-1.5.25.jar"/>
    <pathelement location="C:/Users/Administrator/.gradle/caches/modules-2/files-2.1/org.apache.commons/commons-compress/1.8.1/a698750c16740fd5b3871425f4cb3bbaa87f529d/commons-compress-1.8.1.jar"/>
    <pathelement location="C:/Users/Administrator/.gradle/caches/modules-2/files-2.1/org.apache.httpcomponents/httpclient/4.3.3/18f4247ff4572a074444572cee34647c43e7c9c7/httpclient-4.3.3.jar"/>
    <pathelement location="C:/Users/Administrator/.gradle/caches/modules-2/files-2.1/commons-logging/commons-logging/1.1.3/f6f66e966c70a83ffbdb6f17a0919eaf7c8aca7f/commons-logging-1.1.3.jar"/>
    <pathelement location="C:/Users/Administrator/.gradle/caches/modules-2/files-2.1/org.apache.httpcomponents/httpcore/4.3.2/31fbbff1ddbf98f3aa7377c94d33b0447c646b6e/httpcore-4.3.2.jar"/>
    <pathelement location="C:/Users/Administrator/.gradle/caches/modules-2/files-2.1/it.unimi.dsi/fastutil/8.2.1/5ad88f325e424f8dbc2be5459e21ea5cab3864e9/fastutil-8.2.1.jar"/>
    <pathelement location="C:/Users/Administrator/.gradle/caches/modules-2/files-2.1/org.apache.logging.log4j/log4j-api/2.8.1/e801d13612e22cad62a3f4f3fe7fdbe6334a8e72/log4j-api-2.8.1.jar"/>
    <pathelement location="C:/Users/Administrator/.gradle/caches/modules-2/files-2.1/org.apache.logging.log4j/log4j-core/2.8.1/4ac28ff2f1ddf05dae3043a190451e8c46b73c31/log4j-core-2.8.1.jar"/>
    <pathelement location="C:/Users/Administrator/.gradle/caches/modules-2/files-2.1/org.lwjgl/lwjgl/3.2.2/8ad6294407e15780b43e84929c40e4c5e997972e/lwjgl-3.2.2.jar"/>
    <pathelement location="C:/Users/Administrator/.gradle/caches/modules-2/files-2.1/org.lwjgl/lwjgl-jemalloc/3.2.2/ee8e57a79300f78294576d87c4a587f8c99402e2/lwjgl-jemalloc-3.2.2.jar"/>
    <pathelement location="C:/Users/Administrator/.gradle/caches/modules-2/files-2.1/org.lwjgl/lwjgl-openal/3.2.2/2b772a102b0a11ee5f2109a5b136f4dc7c630827/lwjgl-openal-3.2.2.jar"/>
    <pathelement location="C:/Users/Administrator/.gradle/caches/modules-2/files-2.1/org.lwjgl/lwjgl-opengl/3.2.2/6ac5bb88b44c43ea195a570aab059f63da004cd8/lwjgl-opengl-3.2.2.jar"/>
    <pathelement location="C:/Users/Administrator/.gradle/caches/modules-2/files-2.1/org.lwjgl/lwjgl-glfw/3.2.2/d3ad4df38e400b8afba1de63f84338809399df5b/lwjgl-glfw-3.2.2.jar"/>
    <pathelement location="C:/Users/Administrator/.gradle/caches/modules-2/files-2.1/org.lwjgl/lwjgl-stb/3.2.2/3b8e6ebc5851dd3d17e37e5cadce2eff2a429f0f/lwjgl-stb-3.2.2.jar"/>
    <pathelement location="C:/Users/Administrator/.gradle/caches/modules-2/files-2.1/org.lwjgl/lwjgl-tinyfd/3.2.2/fcbe606c8f8da6f8f9a05e2c540eb1ee8632b0e9/lwjgl-tinyfd-3.2.2.jar"/>
    <pathelement location="C:/Users/Administrator/.gradle/caches/modules-2/files-2.1/com.mojang/text2speech/1.11.3/f378f889797edd7df8d32272c06ca80a1b6b0f58/text2speech-1.11.3.jar"/>
    <pathelement location="C:/Users/Administrator/.gradle/caches/modules-2/files-2.1/net.fabricmc/tiny-mappings-parser/0.2.0.11/7867441f757f51b3e611116534d7450a3b4a83f4/tiny-mappings-parser-0.2.0.11.jar"/>
    <pathelement location="C:/Users/Administrator/.gradle/caches/modules-2/files-2.1/net.fabricmc/sponge-mixin/0.8+build.18/af077ad2845a00cde186fa2c99c4dd32bd2a2766/sponge-mixin-0.8+build.18.jar"/>
    <pathelement location="C:/Users/Administrator/.gradle/caches/modules-2/files-2.1/net.fabricmc/tiny-remapper/0.2.0.52/6693ca33a7209dc1a90a164afa434b5517364a28/tiny-remapper-0.2.0.52.jar"/>
    <pathelement location="C:/Users/Administrator/.gradle/caches/modules-2/files-2.1/net.fabricmc/fabric-loader-sat4j/2.3.5.4/f8fe5353909430b5845ae24ea1e01d83f12ad916/fabric-loader-sat4j-2.3.5.4.jar"/>
    <pathelement location="C:/Users/Administrator/.gradle/caches/modules-2/files-2.1/com.google.jimfs/jimfs/1.1/8fbd0579dc68aba6186935cc1bee21d2f3e7ec1c/jimfs-1.1.jar"/>
    <pathelement location="C:/Users/Administrator/.gradle/caches/modules-2/files-2.1/org.ow2.asm/asm/7.3.1/7ec32f922315924e82bf58b36ee1b673b2a9b820/asm-7.3.1.jar"/>
    <pathelement location="C:/Users/Administrator/.gradle/caches/modules-2/files-2.1/org.ow2.asm/asm-analysis/7.3.1/45dfd299ea0c17d534499c4f06417ceccfa2d02/asm-analysis-7.3.1.jar"/>
    <pathelement location="C:/Users/Administrator/.gradle/caches/modules-2/files-2.1/org.ow2.asm/asm-commons/7.3.1/daaa79ef260eb67404b9a52bc319a024c7f49cfe/asm-commons-7.3.1.jar"/>
    <pathelement location="C:/Users/Administrator/.gradle/caches/modules-2/files-2.1/org.ow2.asm/asm-tree/7.3.1/587ce54d243145b2e89598bfcea7823ded73be5d/asm-tree-7.3.1.jar"/>
    <pathelement location="C:/Users/Administrator/.gradle/caches/modules-2/files-2.1/org.ow2.asm/asm-util/7.3.1/cac1bf54c2fb86671c357d281d1060fe5d50a0de/asm-util-7.3.1.jar"/>
    <pathelement location="C:/Users/Administrator/.gradle/caches/fabric-loom/minecraft-20w14a-mapped-net.fabricmc.yarn-20w14a+build.2-v2.jar"/>
    <pathelement location="${basedir}/.gradle/loom-cache/remapped_mods/fabric-api-0.5.7+build.314-1.16@net.fabricmc.yarn.20w14a.20w14a+build.2-v2.jar"/>
    <pathelement location="${basedir}/.gradle/loom-cache/remapped_mods/fabric-api-base-0.1.2+b7f9825d41@net.fabricmc.yarn.20w14a.20w14a+build.2-v2.jar"/>
    <pathelement location="${basedir}/.gradle/loom-cache/remapped_mods/fabric-biomes-v1-0.2.1+b7d52fa541@net.fabricmc.yarn.20w14a.20w14a+build.2-v2.jar"/>
    <pathelement location="${basedir}/.gradle/loom-cache/remapped_mods/fabric-blockrenderlayer-v1-1.1.4+c6a8ea8941@net.fabricmc.yarn.20w14a.20w14a+build.2-v2.jar"/>
    <pathelement location="${basedir}/.gradle/loom-cache/remapped_mods/fabric-commands-v0-0.1.3+c808269f41@net.fabricmc.yarn.20w14a.20w14a+build.2-v2.jar"/>
    <pathelement location="${basedir}/.gradle/loom-cache/remapped_mods/fabric-containers-v0-0.1.7+d249f7b641@net.fabricmc.yarn.20w14a.20w14a+build.2-v2.jar"/>
    <pathelement location="${basedir}/.gradle/loom-cache/remapped_mods/fabric-content-registries-v0-0.1.4+c808269f41@net.fabricmc.yarn.20w14a.20w14a+build.2-v2.jar"/>
    <pathelement location="${basedir}/.gradle/loom-cache/remapped_mods/fabric-crash-report-info-v1-0.1.2+b7f9825d41@net.fabricmc.yarn.20w14a.20w14a+build.2-v2.jar"/>
    <pathelement location="${basedir}/.gradle/loom-cache/remapped_mods/fabric-dimensions-v1-0.3.1+d249f7b641@net.fabricmc.yarn.20w14a.20w14a+build.2-v2.jar"/>
    <pathelement location="${basedir}/.gradle/loom-cache/remapped_mods/fabric-events-interaction-v0-0.3.0+04b9979441@net.fabricmc.yarn.20w14a.20w14a+build.2-v2.jar"/>
    <pathelement location="${basedir}/.gradle/loom-cache/remapped_mods/fabric-events-lifecycle-v0-0.1.2+b7f9825d41@net.fabricmc.yarn.20w14a.20w14a+build.2-v2.jar"/>
    <pathelement location="${basedir}/.gradle/loom-cache/remapped_mods/fabric-item-groups-v0-0.1.10+d249f7b641@net.fabricmc.yarn.20w14a.20w14a+build.2-v2.jar"/>
    <pathelement location="${basedir}/.gradle/loom-cache/remapped_mods/fabric-keybindings-v0-0.1.1+dfdb52d641@net.fabricmc.yarn.20w14a.20w14a+build.2-v2.jar"/>
    <pathelement location="${basedir}/.gradle/loom-cache/remapped_mods/fabric-loot-tables-v1-0.1.6+2f56dff241@net.fabricmc.yarn.20w14a.20w14a+build.2-v2.jar"/>
    <pathelement location="${basedir}/.gradle/loom-cache/remapped_mods/fabric-mining-levels-v0-0.1.2+5b8a535a41@net.fabricmc.yarn.20w14a.20w14a+build.2-v2.jar"/>
    <pathelement location="${basedir}/.gradle/loom-cache/remapped_mods/fabric-models-v0-0.1.0+dfdb52d641@net.fabricmc.yarn.20w14a.20w14a+build.2-v2.jar"/>
    <pathelement location="${basedir}/.gradle/loom-cache/remapped_mods/fabric-networking-blockentity-v0-0.2.5+b50ffc7b41@net.fabricmc.yarn.20w14a.20w14a+build.2-v2.jar"/>
    <pathelement location="${basedir}/.gradle/loom-cache/remapped_mods/fabric-networking-v0-0.1.9+d249f7b641@net.fabricmc.yarn.20w14a.20w14a+build.2-v2.jar"/>
    <pathelement location="${basedir}/.gradle/loom-cache/remapped_mods/fabric-object-builders-v0-0.2.3+c808269f41@net.fabricmc.yarn.20w14a.20w14a+build.2-v2.jar"/>
    <pathelement location="${basedir}/.gradle/loom-cache/remapped_mods/fabric-particles-v1-0.1.1+dfdb52d641@net.fabricmc.yarn.20w14a.20w14a+build.2-v2.jar"/>
    <pathelement location="${basedir}/.gradle/loom-cache/remapped_mods/fabric-registry-sync-v0-0.2.9+372d827d41@net.fabricmc.yarn.20w14a.20w14a+build.2-v2.jar"/>
    <pathelement location="${basedir}/.gradle/loom-cache/remapped_mods/fabric-renderer-api-v1-0.2.11+2f56dff241@net.fabricmc.yarn.20w14a.20w14a+build.2-v2.jar"/>
    <pathelement location="${basedir}/.gradle/loom-cache/remapped_mods/fabric-renderer-indigo-0.2.28+c808269f41@net.fabricmc.yarn.20w14a.20w14a+build.2-v2.jar"/>
    <pathelement location="${basedir}/.gradle/loom-cache/remapped_mods/fabric-renderer-registries-v1-2.0.1+5a0f9a6041@net.fabricmc.yarn.20w14a.20w14a+build.2-v2.jar"/>
    <pathelement location="${basedir}/.gradle/loom-cache/remapped_mods/fabric-rendering-data-attachment-v1-0.1.3+b7f9825d41@net.fabricmc.yarn.20w14a.20w14a+build.2-v2.jar"/>
    <pathelement location="${basedir}/.gradle/loom-cache/remapped_mods/fabric-rendering-fluids-v1-0.1.6+12515ed941@net.fabricmc.yarn.20w14a.20w14a+build.2-v2.jar"/>
    <pathelement location="${basedir}/.gradle/loom-cache/remapped_mods/fabric-rendering-v0-1.1.0+5341049041@net.fabricmc.yarn.20w14a.20w14a+build.2-v2.jar"/>
    <pathelement location="${basedir}/.gradle/loom-cache/remapped_mods/fabric-rendering-v1-0.1.1+d249f7b641@net.fabricmc.yarn.20w14a.20w14a+build.2-v2.jar"/>
    <pathelement location="${basedir}/.gradle/loom-cache/remapped_mods/fabric-resource-loader-v0-0.1.12+5b8a535a41@net.fabricmc.yarn.20w14a.20w14a+build.2-v2.jar"/>
    <pathelement location="${basedir}/.gradle/loom-cache/remapped_mods/fabric-tag-extensions-v0-0.2.0+c808269f41@net.fabricmc.yarn.20w14a.20w14a+build.2-v2.jar"/>
    <pathelement location="${basedir}/.gradle/loom-cache/remapped_mods/fabric-textures-v0-1.0.4+821cdba741@net.fabricmc.yarn.20w14a.20w14a+build.2-v2.jar"/>
    <pathelement location="${basedir}/.gradle/loom-cache/remapped_mods/fabric-loader-0.7.9+build.190@net.fabricmc.yarn.20w14a.20w14a+build.2-v2.jar"/>
    <pathelement location="C:/Users/Administrator/.gradle/caches/modules-2/files-2.1/net.fabricmc/fabric-mixin-compile-extensions/0.3.0.4/37e447abb71818259b38e1bedd6fd740b6a42dbe/fabric-mixin-compile-extensions-0.3.0.4.jar"/>
    <pathelement location="C:/Users/Administrator/.gradle/caches/modules-2/files-2.1/com.google.guava/guava/27.1-jre/e47b59c893079b87743cdcfb6f17ca95c08c592c/guava-27.1-jre.jar"/>
    <pathelement location="C:/Users/Administrator/.gradle/caches/modules-2/files-2.1/com.google.code.gson/gson/2.8.5/f645ed69d595b24d4cf8b3fbb64cc505bede8829/gson-2.8.5.jar"/>
    <pathelement location="C:/Users/Administrator/.gradle/caches/modules-2/files-2.1/com.google.guava/failureaccess/1.0.1/1dcf1de382a0bf95a3d8b0849546c88bac1292c9/failureaccess-1.0.1.jar"/>
    <pathelement location="C:/Users/Administrator/.gradle/caches/modules-2/files-2.1/com.google.guava/listenablefuture/9999.0-empty-to-avoid-conflict-with-guava/b421526c5f297295adef1c886e5246c39d4ac629/listenablefuture-9999.0-empty-to-avoid-conflict-with-guava.jar"/>
    <pathelement location="C:/Users/Administrator/.gradle/caches/modules-2/files-2.1/com.google.code.findbugs/jsr305/3.0.2/25ea2e8b0c338a877313bd4672d3fe056ea78f0d/jsr305-3.0.2.jar"/>
    <pathelement location="C:/Users/Administrator/.gradle/caches/modules-2/files-2.1/org.checkerframework/checker-qual/2.5.2/cea74543d5904a30861a61b4643a5f2bb372efc4/checker-qual-2.5.2.jar"/>
    <pathelement location="C:/Users/Administrator/.gradle/caches/modules-2/files-2.1/com.google.errorprone/error_prone_annotations/2.2.0/88e3c593e9b3586e1c6177f89267da6fc6986f0c/error_prone_annotations-2.2.0.jar"/>
    <pathelement location="C:/Users/Administrator/.gradle/caches/modules-2/files-2.1/com.google.j2objc/j2objc-annotations/1.1/ed28ded51a8b1c6b112568def5f4b455e6809019/j2objc-annotations-1.1.jar"/>
    <pathelement location="C:/Users/Administrator/.gradle/caches/modules-2/files-2.1/org.codehaus.mojo/animal-sniffer-annotations/1.17/f97ce6decaea32b36101e37979f8b647f00681fb/animal-sniffer-annotations-1.17.jar"/>
    <pathelement location="C:/Users/Administrator/.gradle/caches/modules-2/files-2.1/net.fabricmc/fabric-loom/0.2.6-SNAPSHOT/a8998b572a5aa625d14ca1b9267476ca21d8ed6b/fabric-loom-0.2.6-SNAPSHOT.jar"/>
    <pathelement location="C:/Users/Administrator/.gradle/caches/fabric-loom/yarn-20w14a+build.2-v2-final.jar"/>
    <pathelement location="C:/Users/Administrator/.gradle/caches/modules-2/files-2.1/net.fabricmc/dev-launch-injector/0.2.0+build.6/dd742e9568d7c00250fcf0bd9a549e87ce39d3d8/dev-launch-injector-0.2.0+build.6.jar"/>
    <pathelement location="C:/Users/Administrator/.gradle/caches/modules-2/files-2.1/net.fabricmc/dev-launch-injector/0.2.0+build.6/dd742e9568d7c00250fcf0bd9a549e87ce39d3d8/dev-launch-injector-0.2.0+build.6.jar"/>
  </path>
  
  
  <patternset id="excluded.from.module.fabricserver">
    <patternset refid="ignored.files"/>
  </patternset>
  
  <patternset id="excluded.from.compilation.fabricserver">
    <patternset refid="excluded.from.module.fabricserver"/>
  </patternset>
  
  <path id="fabricserver.module.sourcepath">
    <dirset dir="${module.fabricserver.basedir}">
      <include name="src/main/resources"/>
      <include name="src/main/java"/>
    </dirset>
  </path>
  
  
  <target name="compile.module.fabricserver" depends="compile.module.fabricserver.production,compile.module.fabricserver.tests" description="Compile module fabricserver"/>
  
  <target name="compile.module.fabricserver.production" depends="register.custom.compilers" description="Compile module fabricserver; production classes">
    <mkdir dir="${fabricserver.output.dir}"/>
    <javac2 destdir="${fabricserver.output.dir}" debug="${compiler.debug}" nowarn="${compiler.generate.no.warnings}" memorymaximumsize="${compiler.max.memory}" fork="true" executable="${module.jdk.bin.fabricserver}/javac">
      <compilerarg line="${compiler.args.fabricserver}"/>
      <bootclasspath refid="fabricserver.module.bootclasspath"/>
      <classpath refid="fabricserver.module.production.classpath"/>
      <src refid="fabricserver.module.sourcepath"/>
      <patternset refid="excluded.from.compilation.fabricserver"/>
    </javac2>
    
    <copy todir="${fabricserver.output.dir}">
      <fileset dir="${module.fabricserver.basedir}/src/main/resources">
        <patternset refid="compiler.resources"/>
        <type type="file"/>
      </fileset>
      <fileset dir="${module.fabricserver.basedir}/src/main/java">
        <patternset refid="compiler.resources"/>
        <type type="file"/>
      </fileset>
    </copy>
  </target>
  
  <target name="compile.module.fabricserver.tests" depends="register.custom.compilers,compile.module.fabricserver.production" description="compile module fabricserver; test classes" unless="skip.tests"/>
  
  <target name="clean.module.fabricserver" description="cleanup module">
    <delete dir="${fabricserver.output.dir}"/>
    <delete dir="${fabricserver.testoutput.dir}"/>
  </target>
  
  <target name="init" description="Build initialization">
    <!-- Perform any build initialization in this target -->
  </target>
  
  <target name="clean" depends="clean.module.fabricserver" description="cleanup all"/>
  
  <target name="build.modules" depends="init, clean, compile.module.fabricserver" description="build all modules"/>
  
  <target name="all" depends="build.modules" description="build all"/>
</project>