{
  "schemaVersion": 1,
  "id": "serverbase",
  "version": "11.45.14",

  "name": "Lawaxi Server Base",
  "description": "ServerBase Mod for Lawaxi",
  "authors": [
    "Lawaxi"
  ],
  "contact": {
    "homepage": "https://lawaxi.net/",
    "sources": "https://lawaxi.net/"
  },

  "license": "CC0-1.0",
  "icon": "assets/serverbase/icon.png",

  "environment": "*",
  "entrypoints": {
    "main": [
      "net.lawaxi.serverbase.ExampleMod"
    ]
  },
  "mixins": [
    "serverbase.mixins.json"
  ],

  "depends": {
    "fabricloader": ">=0.7.9",
    "minecraft": "1.16.x"
  },
  "suggests": {
    "flamingo": "*"
  }
}
